run_id,split_protocol,seed,model_family,model_or_variant,feature_source,input_dim,latent_dim,compression_ratio,selection_basis,uses_validation_for_selection,uses_test_for_selection,is_oracle_reference,test_accuracy,test_balanced_accuracy,test_macro_f1,test_mcc,test_log_loss,test_opposite_direction_rate,n_train,n_val,n_test,delta_macro_f1_vs_raw_tuned_within_run,delta_mcc_vs_raw_tuned_within_run,delta_macro_f1_vs_majority_within_run
chronological_purged,chronological_purged,0,baseline,majority,raw_window_flattened,4000,,,train_majority_class,False,False,False,0.6440972222222222,0.3333333333333333,0.26117564237944385,0.0,0.8980340956307887,0.0,5600,1200,1152,-0.13401249915423996,-0.1784332493791942,0.0
chronological_purged,chronological_purged,0,raw_window_logistic,raw_window_logistic_untuned,raw_window_flattened,4000,,,fixed_C_1,False,False,False,0.4149305555555556,0.47480332215721077,0.39874852833303703,0.17865751863966728,1.2450357608784204,0.2926829268292683,5600,1200,1152,0.0035603867993532212,0.0002242692604730867,0.13757288595359318
chronological_purged,chronological_purged,0,raw_window_logistic,raw_window_logistic_tuned,raw_window_flattened,4000,,,validation_macro_f1_tie_mcc_log_loss_C=0.01,True,False,False,0.4088541666666667,0.47636578791663925,0.3951881415336838,0.1784332493791942,1.2360759914668131,0.29024390243902437,5600,1200,1152,0.0,0.0,0.13401249915423996
chronological_purged,chronological_purged,0,raw_window_logistic,raw_window_logistic_test_oracle,raw_window_flattened,4000,,,test_macro_f1_oracle_C=0.1,False,True,True,0.4157986111111111,0.4752525584555037,0.39941867566362516,0.17942655146205494,1.2430808781859044,0.2926829268292683,5600,1200,1152,0.0042305341299413435,0.0009933020828607475,0.1382430332841813
chronological_purged,chronological_purged,0,frozen_latent_head,reconstruction_best_latent_head,frozen_reconstruction_latent,128,128.0,31.25,reconstruction_best_test_normalized_mse:pca@128,False,True,True,0.3967013888888889,0.433596300922578,0.37362527533334605,0.1462534685001913,1.1852806451433713,0.36829268292682926,5600,1200,1152,-0.02156286620033776,-0.03217978087900289,0.1124496329539022
chronological_purged,chronological_purged,0,frozen_latent_head,validation_selected_latent_head,frozen_reconstruction_latent,40,40.0,100.0,validation_macro_f1_tie_mcc_log_loss_latent_dim_lexical:last_snapshot_repeat@40,True,False,False,0.4322916666666667,0.5555716257971205,0.4318430006220933,0.26018908580686045,1.0623127344441619,0.21707317073170732,5600,1200,1152,0.036654859088409486,0.08175583642766626,0.17066735824264945
chronological_purged,chronological_purged,0,frozen_latent_head,test_posthoc_best_latent_head,frozen_reconstruction_latent,40,40.0,100.0,posthoc_best_test_macro_f1:last_snapshot_repeat@40,False,True,True,0.4322916666666667,0.5555716257971205,0.4318430006220933,0.26018908580686045,1.0623127344441619,0.21707317073170732,5600,1200,1152,0.036654859088409486,0.08175583642766626,0.17066735824264945
chronological_no_purge,chronological_no_purge,0,baseline,majority,raw_window_flattened,4000,,,train_majority_class,False,False,False,0.6440972222222222,0.3333333333333333,0.26117564237944385,0.0,0.8980340956307887,0.0,5600,1200,1152,-0.13401249915423996,-0.1784332493791942,0.0
chronological_no_purge,chronological_no_purge,0,raw_window_logistic,raw_window_logistic_untuned,raw_window_flattened,4000,,,fixed_C_1,False,False,False,0.4149305555555556,0.47480332215721077,0.39874852833303703,0.17865751863966728,1.2450357608784204,0.2926829268292683,5600,1200,1152,0.0035603867993532212,0.0002242692604730867,0.13757288595359318
chronological_no_purge,chronological_no_purge,0,raw_window_logistic,raw_window_logistic_tuned,raw_window_flattened,4000,,,validation_macro_f1_tie_mcc_log_loss_C=0.01,True,False,False,0.4088541666666667,0.47636578791663925,0.3951881415336838,0.1784332493791942,1.2360759914668131,0.29024390243902437,5600,1200,1152,0.0,0.0,0.13401249915423996
chronological_no_purge,chronological_no_purge,0,raw_window_logistic,raw_window_logistic_test_oracle,raw_window_flattened,4000,,,test_macro_f1_oracle_C=0.1,False,True,True,0.4157986111111111,0.4752525584555037,0.39941867566362516,0.17942655146205494,1.2430808781859044,0.2926829268292683,5600,1200,1152,0.0042305341299413435,0.0009933020828607475,0.1382430332841813
chronological_no_purge,chronological_no_purge,0,frozen_latent_head,reconstruction_best_latent_head,frozen_reconstruction_latent,128,128.0,31.25,reconstruction_best_test_normalized_mse:pca@128,False,True,True,0.3967013888888889,0.433596300922578,0.37362527533334605,0.1462534685001913,1.1852806451433713,0.36829268292682926,5600,1200,1152,-0.02156286620033776,-0.03217978087900289,0.1124496329539022
chronological_no_purge,chronological_no_purge,0,frozen_latent_head,validation_selected_latent_head,frozen_reconstruction_latent,40,40.0,100.0,validation_macro_f1_tie_mcc_log_loss_latent_dim_lexical:last_snapshot_repeat@40,True,False,False,0.4322916666666667,0.5555716257971205,0.4318430006220933,0.26018908580686045,1.0623127344441619,0.21707317073170732,5600,1200,1152,0.036654859088409486,0.08175583642766626,0.17066735824264945
chronological_no_purge,chronological_no_purge,0,frozen_latent_head,test_posthoc_best_latent_head,frozen_reconstruction_latent,40,40.0,100.0,posthoc_best_test_macro_f1:last_snapshot_repeat@40,False,True,True,0.4322916666666667,0.5555716257971205,0.4318430006220933,0.26018908580686045,1.0623127344441619,0.21707317073170732,5600,1200,1152,0.036654859088409486,0.08175583642766626,0.17066735824264945
random_window_naive_seed42,random_window_naive,42,baseline,majority,raw_window_flattened,4000,,,train_majority_class,False,False,False,0.6614583333333334,0.3333333333333333,0.2654127481713689,0.0,0.8747078061521697,0.0,5600,1200,1152,-0.1992857330452492,-0.23903035998618732,0.0
random_window_naive_seed42,random_window_naive,42,raw_window_logistic,raw_window_logistic_untuned,raw_window_flattened,4000,,,fixed_C_1,False,False,False,0.5078125,0.5250080582032509,0.4646984812166181,0.23903035998618732,1.0141248008462327,0.2128205128205128,5600,1200,1152,0.0,0.0,0.1992857330452492
random_window_naive_seed42,random_window_naive,42,raw_window_logistic,raw_window_logistic_tuned,raw_window_flattened,4000,,,validation_macro_f1_tie_mcc_log_loss_C=10,True,False,False,0.5078125,0.5250080582032509,0.4646984812166181,0.23903035998618732,1.0140103117237456,0.2128205128205128,5600,1200,1152,0.0,0.0,0.1992857330452492
random_window_naive_seed42,random_window_naive,42,raw_window_logistic,raw_window_logistic_test_oracle,raw_window_flattened,4000,,,test_macro_f1_oracle_C=0.1,False,True,True,0.5104166666666666,0.5301834967997422,0.46847490488605475,0.2434918781832518,1.012136512220097,0.20512820512820512,5600,1200,1152,0.003776423669436646,0.0044615181970644735,0.20306215671468586
random_window_naive_seed42,random_window_naive,42,frozen_latent_head,reconstruction_best_latent_head,frozen_reconstruction_latent,128,128.0,31.25,reconstruction_best_test_normalized_mse:pca@128,False,True,True,0.4678819444444444,0.4366666666666667,0.40299628438171037,0.15733022941986288,1.0531744626420685,0.3230769230769231,5600,1200,1152,-0.06170219683490774,-0.08170013056632444,0.13758353621034147
random_window_naive_seed42,random_window_naive,42,frozen_latent_head,validation_selected_latent_head,frozen_reconstruction_latent,40,40.0,100.0,validation_macro_f1_tie_mcc_log_loss_latent_dim_lexical:last_snapshot_repeat@40,True,False,False,0.5217013888888888,0.5849502693742229,0.4958925037923407,0.3063280216457789,0.952065212596223,0.19487179487179487,5600,1200,1152,0.03119402257572257,0.06729766165959156,0.23047975562097178
random_window_naive_seed42,random_window_naive,42,frozen_latent_head,test_posthoc_best_latent_head,frozen_reconstruction_latent,40,40.0,100.0,posthoc_best_test_macro_f1:last_snapshot_repeat@40,False,True,True,0.5217013888888888,0.5849502693742229,0.4958925037923407,0.3063280216457789,0.952065212596223,0.19487179487179487,5600,1200,1152,0.03119402257572257,0.06729766165959156,0.23047975562097178
random_block_purged_seed42,random_block_purged,42,baseline,majority,raw_window_flattened,4000,,,train_majority_class,False,False,False,0.7207792207792207,0.3333333333333333,0.2792452830188679,0.0,0.7984695919496775,0.0,5407,1171,924,-0.13344409402694474,-0.16931603424044392,0.0
random_block_purged_seed42,random_block_purged,42,raw_window_logistic,raw_window_logistic_untuned,raw_window_flattened,4000,,,fixed_C_1,False,False,False,0.5216450216450217,0.4742933723196881,0.4245229096536107,0.18738501831270313,0.947281293293998,0.2596899224806202,5407,1171,924,0.01183353260779807,0.01806898407225921,0.1452776266347428
random_block_purged_seed42,random_block_purged,42,raw_window_logistic,raw_window_logistic_tuned,raw_window_flattened,4000,,,validation_macro_f1_tie_mcc_log_loss_C=0.01,True,False,False,0.5097402597402597,0.4603122859701807,0.41268937704581266,0.16931603424044392,0.948819936882791,0.26356589147286824,5407,1171,924,0.0,0.0,0.13344409402694474
random_block_purged_seed42,random_block_purged,42,raw_window_logistic,raw_window_logistic_test_oracle,raw_window_flattened,4000,,,test_macro_f1_oracle_C=10,False,True,True,0.5216450216450217,0.4742933723196881,0.4245229096536107,0.18738501831270313,0.9472807319451155,0.2596899224806202,5407,1171,924,0.01183353260779807,0.01806898407225921,0.1452776266347428
random_block_purged_seed42,random_block_purged,42,frozen_latent_head,reconstruction_best_latent_head,frozen_reconstruction_latent,128,128.0,31.25,reconstruction_best_test_normalized_mse:pca@128,False,True,True,0.4772727272727273,0.3847367103946051,0.359329374409987,0.11684996720960057,1.0123354811565453,0.3875968992248062,5407,1171,924,-0.05336000263582563,-0.05246606703084335,0.0800840913911191
random_block_purged_seed42,random_block_purged,42,frozen_latent_head,validation_selected_latent_head,frozen_reconstruction_latent,40,40.0,100.0,validation_macro_f1_tie_mcc_log_loss_latent_dim_lexical:last_snapshot_repeat@40,True,False,False,0.5822510822510822,0.6403541699594332,0.5262603821151481,0.36520141067286177,0.8394147401460973,0.19767441860465115,5407,1171,924,0.11357100506933548,0.19588537643241785,0.24701509909628022
random_block_purged_seed42,random_block_purged,42,frozen_latent_head,test_posthoc_best_latent_head,frozen_reconstruction_latent,40,40.0,100.0,posthoc_best_test_macro_f1:last_snapshot_repeat@40,False,True,True,0.5822510822510822,0.6403541699594332,0.5262603821151481,0.36520141067286177,0.8394147401460973,0.19767441860465115,5407,1171,924,0.11357100506933548,0.19588537643241785,0.24701509909628022
random_window_naive_seed43,random_window_naive,43,baseline,majority,raw_window_flattened,4000,,,train_majority_class,False,False,False,0.6814236111111112,0.3333333333333333,0.27017725004302184,0.0,0.8466904460773121,0.0,5600,1200,1152,-0.18956546948521918,-0.24618395915436686,0.0
random_window_naive_seed43,random_window_naive,43,raw_window_logistic,raw_window_logistic_untuned,raw_window_flattened,4000,,,fixed_C_1,False,False,False,0.5095486111111112,0.5251221171322809,0.45852857324399804,0.24303869711379164,1.0040230257232245,0.23433242506811988,5600,1200,1152,-0.0012141462842429895,-0.0031452620405752196,0.1883513232009762
random_window_naive_seed43,random_window_naive,43,raw_window_logistic,raw_window_logistic_tuned,raw_window_flattened,4000,,,validation_macro_f1_tie_mcc_log_loss_C=0.01,True,False,False,0.5104166666666666,0.5270829014460063,0.45974271952824103,0.24618395915436686,1.002069526449929,0.23705722070844687,5600,1200,1152,0.0,0.0,0.18956546948521918
random_window_naive_seed43,random_window_naive,43,raw_window_logistic,raw_window_logistic_test_oracle,raw_window_flattened,4000,,,test_macro_f1_oracle_C=0.01,False,True,True,0.5104166666666666,0.5270829014460063,0.45974271952824103,0.24618395915436686,1.002069526449929,0.23705722070844687,5600,1200,1152,0.0,0.0,0.18956546948521918
random_window_naive_seed43,random_window_naive,43,frozen_latent_head,reconstruction_best_latent_head,frozen_reconstruction_latent,128,128.0,31.25,reconstruction_best_test_normalized_mse:pca@128,False,True,True,0.5,0.47601527597362453,0.42913108445895337,0.20741139064209144,1.0271983731348395,0.3188010899182561,5600,1200,1152,-0.030611635069287657,-0.038772568512275424,0.15895383441593153
random_window_naive_seed43,random_window_naive,43,frozen_latent_head,validation_selected_latent_head,frozen_reconstruction_latent,40,40.0,100.0,validation_macro_f1_tie_mcc_log_loss_latent_dim_lexical:last_snapshot_repeat@40,True,False,False,0.5451388888888888,0.6160385677760386,0.5134438976975882,0.3365501996974715,0.9301107127583721,0.1771117166212534,5600,1200,1152,0.05370117816934722,0.09036624054310466,0.2432666476545664
random_window_naive_seed43,random_window_naive,43,frozen_latent_head,test_posthoc_best_latent_head,frozen_reconstruction_latent,40,40.0,100.0,posthoc_best_test_macro_f1:last_snapshot_repeat@40,False,True,True,0.5451388888888888,0.6160385677760386,0.5134438976975882,0.3365501996974715,0.9301107127583721,0.1771117166212534,5600,1200,1152,0.05370117816934722,0.09036624054310466,0.2432666476545664
random_block_purged_seed43,random_block_purged,43,baseline,majority,raw_window_flattened,4000,,,train_majority_class,False,False,False,0.7197049525816649,0.3333333333333333,0.2790032679738562,0.0,0.798625011401672,0.0,5779,924,949,-0.11208165962840566,-0.1299691221079292,0.0
random_block_purged_seed43,random_block_purged,43,raw_window_logistic,raw_window_logistic_untuned,raw_window_flattened,4000,,,fixed_C_1,False,False,False,0.46469968387776606,0.4489910835151498,0.3910849276022619,0.1299691221079292,1.0620280496061156,0.22180451127819548,5779,924,949,0.0,0.0,0.11208165962840566
random_block_purged_seed43,random_block_purged,43,raw_window_logistic,raw_window_logistic_tuned,raw_window_flattened,4000,,,validation_macro_f1_tie_mcc_log_loss_C=10,True,False,False,0.46469968387776606,0.4489910835151498,0.3910849276022619,0.1299691221079292,1.0620267784037851,0.22180451127819548,5779,924,949,0.0,0.0,0.11208165962840566
random_block_purged_seed43,random_block_purged,43,raw_window_logistic,raw_window_logistic_test_oracle,raw_window_flattened,4000,,,test_macro_f1_oracle_C=0.1,False,True,True,0.4657534246575342,0.44902315610100274,0.3918172375154887,0.12952689633482717,1.0661718501644046,0.21804511278195488,5779,924,949,0.000732309913226814,-0.00044222577310204514,0.11281396954163248
random_block_purged_seed43,random_block_purged,43,frozen_latent_head,reconstruction_best_latent_head,frozen_reconstruction_latent,128,128.0,31.25,reconstruction_best_test_normalized_mse:pca@128,False,True,True,0.4636459430979979,0.40499136223788207,0.3677046187687405,0.08816416275913927,1.0525377510543634,0.23684210526315788,5779,924,949,-0.02338030883352138,-0.041804959348789944,0.08870135079488428
random_block_purged_seed43,random_block_purged,43,frozen_latent_head,validation_selected_latent_head,frozen_reconstruction_latent,40,40.0,100.0,validation_macro_f1_tie_mcc_log_loss_latent_dim_lexical:last_snapshot_repeat@40,True,False,False,0.458377239199157,0.5402771177120925,0.42412535412899977,0.2134396792587645,0.9936541109590306,0.15789473684210525,5779,924,949,0.03304042652673789,0.08347055715083529,0.14512208615514355
random_block_purged_seed43,random_block_purged,43,frozen_latent_head,test_posthoc_best_latent_head,frozen_reconstruction_latent,40,40.0,100.0,posthoc_best_test_macro_f1:last_snapshot_repeat@40,False,True,True,0.458377239199157,0.5402771177120925,0.42412535412899977,0.2134396792587645,0.9936541109590306,0.15789473684210525,5779,924,949,0.03304042652673789,0.08347055715083529,0.14512208615514355
random_window_naive_seed44,random_window_naive,44,baseline,majority,raw_window_flattened,4000,,,train_majority_class,False,False,False,0.6875,0.3333333333333333,0.2716049382716049,0.0,0.8390530705608401,0.0,5600,1200,1152,-0.1743617701629706,-0.2192180254918252,0.0
random_window_naive_seed44,random_window_naive,44,raw_window_logistic,raw_window_logistic_untuned,raw_window_flattened,4000,,,fixed_C_1,False,False,False,0.5,0.5106870506870507,0.44596670843457553,0.2192180254918252,0.9974572019975148,0.225,5600,1200,1152,0.0,0.0,0.1743617701629706
random_window_naive_seed44,random_window_naive,44,raw_window_logistic,raw_window_logistic_tuned,raw_window_flattened,4000,,,validation_macro_f1_tie_mcc_log_loss_C=1,True,False,False,0.5,0.5106870506870507,0.44596670843457553,0.2192180254918252,0.9974572019975148,0.225,5600,1200,1152,0.0,0.0,0.1743617701629706
random_window_naive_seed44,random_window_naive,44,raw_window_logistic,raw_window_logistic_test_oracle,raw_window_flattened,4000,,,test_macro_f1_oracle_C=10,False,True,True,0.5,0.5106870506870507,0.44596670843457553,0.2192180254918252,0.9974566013893451,0.225,5600,1200,1152,0.0,0.0,0.1743617701629706
random_window_naive_seed44,random_window_naive,44,frozen_latent_head,reconstruction_best_latent_head,frozen_reconstruction_latent,128,128.0,31.25,reconstruction_best_test_normalized_mse:pca@128,False,True,True,0.4826388888888889,0.43592456092456094,0.4002048544951217,0.16310169192857066,1.0233315184892045,0.3416666666666667,5600,1200,1152,-0.04576185393945381,-0.056116333563254545,0.1285999162235168
random_window_naive_seed44,random_window_naive,44,frozen_latent_head,validation_selected_latent_head,frozen_reconstruction_latent,40,40.0,100.0,validation_macro_f1_tie_mcc_log_loss_latent_dim_lexical:last_snapshot_repeat@40,True,False,False,0.5217013888888888,0.5948279448279449,0.4900375936139079,0.31079700035772023,0.9454792494829436,0.19722222222222222,5600,1200,1152,0.044070885179332386,0.09157897486589503,0.218432655342303
random_window_naive_seed44,random_window_naive,44,frozen_latent_head,test_posthoc_best_latent_head,frozen_reconstruction_latent,40,40.0,100.0,posthoc_best_test_macro_f1:last_snapshot_repeat@40,False,True,True,0.5217013888888888,0.5948279448279449,0.4900375936139079,0.31079700035772023,0.9454792494829436,0.19722222222222222,5600,1200,1152,0.044070885179332386,0.09157897486589503,0.218432655342303
random_block_purged_seed44,random_block_purged,44,baseline,majority,raw_window_flattened,4000,,,train_majority_class,False,False,False,0.7297297297297297,0.3333333333333333,0.28125,0.0,0.7795464916266052,0.0,5482,1171,999,-0.08403155144405633,-0.11507514070073131,0.0
random_block_purged_seed44,random_block_purged,44,raw_window_logistic,raw_window_logistic_untuned,raw_window_flattened,4000,,,fixed_C_1,False,False,False,0.42742742742742745,0.43733007355098846,0.36528155144405633,0.11507514070073131,1.110492689405614,0.2518518518518518,5482,1171,999,0.0,0.0,0.08403155144405633
random_block_purged_seed44,random_block_purged,44,raw_window_logistic,raw_window_logistic_tuned,raw_window_flattened,4000,,,validation_macro_f1_tie_mcc_log_loss_C=0.1,True,False,False,0.42742742742742745,0.43733007355098846,0.36528155144405633,0.11507514070073131,1.1094666822785446,0.2518518518518518,5482,1171,999,0.0,0.0,0.08403155144405633
random_block_purged_seed44,random_block_purged,44,raw_window_logistic,raw_window_logistic_test_oracle,raw_window_flattened,4000,,,test_macro_f1_oracle_C=0.1,False,True,True,0.42742742742742745,0.43733007355098846,0.36528155144405633,0.11507514070073131,1.1094666822785446,0.2518518518518518,5482,1171,999,0.0,0.0,0.08403155144405633
random_block_purged_seed44,random_block_purged,44,frozen_latent_head,reconstruction_best_latent_head,frozen_reconstruction_latent,128,128.0,31.25,reconstruction_best_test_normalized_mse:pca@128,False,True,True,0.4044044044044044,0.3897041738472151,0.33367966435198665,0.0683256549762545,1.1293439055588428,0.28888888888888886,5482,1171,999,-0.03160188709206968,-0.04674948572447682,0.05242966435198665
random_block_purged_seed44,random_block_purged,44,frozen_latent_head,validation_selected_latent_head,frozen_reconstruction_latent,40,40.0,100.0,validation_macro_f1_tie_mcc_log_loss_latent_dim_lexical:last_snapshot_repeat@40,True,False,False,0.44544544544544545,0.5539541716412963,0.4281950536445431,0.2295148528041191,1.0034361935882636,0.17407407407407408,5482,1171,999,0.06291350220048675,0.11443971210338778,0.14694505364454308
random_block_purged_seed44,random_block_purged,44,frozen_latent_head,test_posthoc_best_latent_head,frozen_reconstruction_latent,40,40.0,100.0,posthoc_best_test_macro_f1:last_snapshot_repeat@40,False,True,True,0.44544544544544545,0.5539541716412963,0.4281950536445431,0.2295148528041191,1.0034361935882636,0.17407407407407408,5482,1171,999,0.06291350220048675,0.11443971210338778,0.14694505364454308
random_window_naive_seed45,random_window_naive,45,baseline,majority,raw_window_flattened,4000,,,train_majority_class,False,False,False,0.6840277777777778,0.3333333333333333,0.27079037800687283,0.0,0.8439030510603643,0.0,5600,1200,1152,-0.1811902629989942,-0.2418830040425203,0.0
random_window_naive_seed45,random_window_naive,45,raw_window_logistic,raw_window_logistic_untuned,raw_window_flattened,4000,,,fixed_C_1,False,False,False,0.4956597222222222,0.5289525082139624,0.45231601806942484,0.23877706039711447,0.9975201464134467,0.22802197802197802,5600,1200,1152,0.00033537706355779573,-0.0031059436454058398,0.181525640062552
random_window_naive_seed45,random_window_naive,45,raw_window_logistic,raw_window_logistic_tuned,raw_window_flattened,4000,,,validation_macro_f1_tie_mcc_log_loss_C=0.01,True,False,False,0.4956597222222222,0.5287510922598048,0.45198064100586705,0.2418830040425203,1.000964679949826,0.23901098901098902,5600,1200,1152,0.0,0.0,0.1811902629989942
random_window_naive_seed45,random_window_naive,45,raw_window_logistic,raw_window_logistic_test_oracle,raw_window_flattened,4000,,,test_macro_f1_oracle_C=10,False,True,True,0.4956597222222222,0.5289525082139624,0.45231601806942484,0.23877706039711447,0.9975113888535022,0.22802197802197802,5600,1200,1152,0.00033537706355779573,-0.0031059436454058398,0.181525640062552
random_window_naive_seed45,random_window_naive,45,frozen_latent_head,reconstruction_best_latent_head,frozen_reconstruction_latent,128,128.0,31.25,reconstruction_best_test_normalized_mse:pca@128,False,True,True,0.4696180555555556,0.4520625428232556,0.404294828120113,0.1743403705779113,1.033975954493693,0.32967032967032966,5600,1200,1152,-0.04768581288575402,-0.06754263346460901,0.1335044501132402
random_window_naive_seed45,random_window_naive,45,frozen_latent_head,validation_selected_latent_head,frozen_reconstruction_latent,40,40.0,100.0,validation_macro_f1_tie_mcc_log_loss_latent_dim_lexical:last_snapshot_repeat@40,True,False,False,0.5138888888888888,0.5861742823623679,0.48423211094105173,0.3007431397248183,0.9298717508194633,0.2032967032967033,5600,1200,1152,0.032251469935184685,0.058860135682298004,0.2134417329341789
random_window_naive_seed45,random_window_naive,45,frozen_latent_head,test_posthoc_best_latent_head,frozen_reconstruction_latent,40,40.0,100.0,posthoc_best_test_macro_f1:last_snapshot_repeat@40,False,True,True,0.5138888888888888,0.5861742823623679,0.48423211094105173,0.3007431397248183,0.9298717508194633,0.2032967032967033,5600,1200,1152,0.032251469935184685,0.058860135682298004,0.2134417329341789
random_block_purged_seed45,random_block_purged,45,baseline,majority,raw_window_flattened,4000,,,train_majority_class,False,False,False,0.6269757639620653,0.3333333333333333,0.2569084628670121,0.0,0.9323668343326227,0.0,5729,924,949,-0.12148375204184486,-0.13004513265295004,0.0
random_block_purged_seed45,random_block_purged,45,raw_window_logistic,raw_window_logistic_untuned,raw_window_flattened,4000,,,fixed_C_1,False,False,False,0.38777660695468913,0.4284268344209192,0.3714485977905461,0.1194378499194676,1.1911249834469915,0.2994350282485876,5729,924,949,-0.006943617118310819,-0.010607282733482437,0.11454013492353404
random_block_purged_seed45,random_block_purged,45,raw_window_logistic,raw_window_logistic_tuned,raw_window_flattened,4000,,,validation_macro_f1_tie_mcc_log_loss_C=0.01,True,False,False,0.3951527924130664,0.4362543229582336,0.37839221490885694,0.13004513265295004,1.1920598062116965,0.2966101694915254,5729,924,949,0.0,0.0,0.12148375204184486
random_block_purged_seed45,random_block_purged,45,raw_window_logistic,raw_window_logistic_test_oracle,raw_window_flattened,4000,,,test_macro_f1_oracle_C=0.01,False,True,True,0.3951527924130664,0.4362543229582336,0.37839221490885694,0.13004513265295004,1.1920598062116965,0.2966101694915254,5729,924,949,0.0,0.0,0.12148375204184486
random_block_purged_seed45,random_block_purged,45,frozen_latent_head,reconstruction_best_latent_head,frozen_reconstruction_latent,128,128.0,31.25,reconstruction_best_test_normalized_mse:pca@128,False,True,True,0.3940990516332982,0.41641988639031036,0.3687977309087012,0.12072473248191713,1.193191183040269,0.3502824858757062,5729,924,949,-0.009594484000155723,-0.009320400171032903,0.11188926804168914
random_block_purged_seed45,random_block_purged,45,frozen_latent_head,validation_selected_latent_head,frozen_reconstruction_latent,40,40.0,100.0,validation_macro_f1_tie_mcc_log_loss_latent_dim_lexical:last_snapshot_repeat@40,True,False,False,0.410958904109589,0.5619379371860477,0.41581411455534106,0.2710831161276816,1.116147066705844,0.2175141242937853,5729,924,949,0.037421899646484125,0.14103798347473157,0.15890565168832899
random_block_purged_seed45,random_block_purged,45,frozen_latent_head,test_posthoc_best_latent_head,frozen_reconstruction_latent,40,40.0,100.0,posthoc_best_test_macro_f1:last_snapshot_repeat@40,False,True,True,0.410958904109589,0.5619379371860477,0.41581411455534106,0.2710831161276816,1.116147066705844,0.2175141242937853,5729,924,949,0.037421899646484125,0.14103798347473157,0.15890565168832899
random_window_naive_seed46,random_window_naive,46,baseline,majority,raw_window_flattened,4000,,,train_majority_class,False,False,False,0.6744791666666666,0.3333333333333333,0.2685329186106791,0.0,0.8567453058218155,0.0,5600,1200,1152,-0.17629119833137818,-0.21695129410440747,0.0
random_window_naive_seed46,random_window_naive,46,raw_window_logistic,raw_window_logistic_untuned,raw_window_flattened,4000,,,fixed_C_1,False,False,False,0.4991319444444444,0.5016780869842559,0.44546726075809623,0.21844364758675006,1.022836329975785,0.25066666666666665,5600,1200,1152,0.0006431438160389158,0.0014923534823425844,0.1769343421474171
random_window_naive_seed46,random_window_naive,46,raw_window_logistic,raw_window_logistic_tuned,raw_window_flattened,4000,,,validation_macro_f1_tie_mcc_log_loss_C=0.1,True,False,False,0.4991319444444444,0.500361886715176,0.4448241169420573,0.21695129410440747,1.0232154398960611,0.25066666666666665,5600,1200,1152,0.0,0.0,0.17629119833137818
random_window_naive_seed46,random_window_naive,46,raw_window_logistic,raw_window_logistic_test_oracle,raw_window_flattened,4000,,,test_macro_f1_oracle_C=1,False,True,True,0.4991319444444444,0.5016780869842559,0.44546726075809623,0.21844364758675006,1.022836329975785,0.25066666666666665,5600,1200,1152,0.0006431438160389158,0.0014923534823425844,0.1769343421474171
random_window_naive_seed46,random_window_naive,46,frozen_latent_head,reconstruction_best_latent_head,frozen_reconstruction_latent,128,128.0,31.25,reconstruction_best_test_normalized_mse:pca@128,False,True,True,0.4704861111111111,0.44395367693797017,0.4019953518926176,0.1632019041883603,1.0300386911210113,0.32,5600,1200,1152,-0.04282876504943972,-0.05374938991604716,0.13346243328193846
random_window_naive_seed46,random_window_naive,46,frozen_latent_head,validation_selected_latent_head,frozen_reconstruction_latent,40,40.0,100.0,validation_macro_f1_tie_mcc_log_loss_latent_dim_lexical:last_snapshot_repeat@40,True,False,False,0.5251736111111112,0.6191488023095125,0.5040079173888469,0.33928209728954734,0.958686315531404,0.184,5600,1200,1152,0.05918380044678956,0.12233080318513986,0.23547499877816774
random_window_naive_seed46,random_window_naive,46,frozen_latent_head,test_posthoc_best_latent_head,frozen_reconstruction_latent,40,40.0,100.0,posthoc_best_test_macro_f1:last_snapshot_repeat@40,False,True,True,0.5251736111111112,0.6191488023095125,0.5040079173888469,0.33928209728954734,0.958686315531404,0.184,5600,1200,1152,0.05918380044678956,0.12233080318513986,0.23547499877816774
random_block_purged_seed46,random_block_purged,46,baseline,majority,raw_window_flattened,4000,,,train_majority_class,False,False,False,0.6006493506493507,0.3333333333333333,0.2501690331304936,0.0,0.9618703412091212,0.0,5704,924,924,-0.18016067374530426,-0.1921411159996383,0.0
random_block_purged_seed46,random_block_purged,46,raw_window_logistic,raw_window_logistic_untuned,raw_window_flattened,4000,,,fixed_C_1,False,False,False,0.44805194805194803,0.47994594276984553,0.43032970687579786,0.1921411159996383,1.1211860052884763,0.26287262872628725,5704,924,924,0.0,0.0,0.18016067374530426
random_block_purged_seed46,random_block_purged,46,raw_window_logistic,raw_window_logistic_tuned,raw_window_flattened,4000,,,validation_macro_f1_tie_mcc_log_loss_C=10,True,False,False,0.44805194805194803,0.47994594276984553,0.43032970687579786,0.1921411159996383,1.1211722748937198,0.26287262872628725,5704,924,924,0.0,0.0,0.18016067374530426
random_block_purged_seed46,random_block_purged,46,raw_window_logistic,raw_window_logistic_test_oracle,raw_window_flattened,4000,,,test_macro_f1_oracle_C=0.01,False,True,True,0.4588744588744589,0.49685184920510145,0.4431574166783692,0.21274939774974674,1.1106258811166734,0.25203252032520324,5704,924,924,0.012827709802571363,0.020608281750108454,0.19298838354787562
random_block_purged_seed46,random_block_purged,46,frozen_latent_head,reconstruction_best_latent_head,frozen_reconstruction_latent,128,128.0,31.25,reconstruction_best_test_normalized_mse:pca@128,False,True,True,0.39935064935064934,0.40458263657629073,0.3719750741665884,0.11520501229459719,1.109791948358906,0.3685636856368564,5704,924,924,-0.05835463270920943,-0.0769361037050411,0.12180604103609483
random_block_purged_seed46,random_block_purged,46,frozen_latent_head,validation_selected_latent_head,frozen_reconstruction_latent,40,40.0,100.0,validation_macro_f1_tie_mcc_log_loss_latent_dim_lexical:last_snapshot_repeat@40,True,False,False,0.43073593073593075,0.5380012482074883,0.43418888776245607,0.24632513170419967,1.075919631343422,0.2140921409214092,5704,924,924,0.003859180886658209,0.054184015704561383,0.18401985463196247
random_block_purged_seed46,random_block_purged,46,frozen_latent_head,test_posthoc_best_latent_head,frozen_reconstruction_latent,40,40.0,100.0,posthoc_best_test_macro_f1:last_snapshot_repeat@40,False,True,True,0.43073593073593075,0.5380012482074883,0.43418888776245607,0.24632513170419967,1.075919631343422,0.2140921409214092,5704,924,924,0.003859180886658209,0.054184015704561383,0.18401985463196247
